RUN1234567,Run-Tech Running shorts,High-quality running shorts,10,0,10
CYC1111111,Cycle4ever Cycling jacket,Super lightweight hi-vis jacket for the extreme cyclist,50,0,20
SWM2222222,4Oceans Goggles,Super Hi-tech goggles for the professional and extreme environment swimmer,25,15,3
CYC1111111,Cycle4ever Cycling jacket,Super lightweight hi-vis jacket for the extreme cyclist,50,0,20
SWM2222222,4Oceans Goggles,Super Hi-tech goggles for the professional and extreme environment swimmer,25,15,8
CYC1111111,Cycle4ever Cycling jacket,Super lightweight hi-vis jacket for the extreme cyclist,50,0,20
SWM2222222,4Oceans Goggles,Super Hi-tech goggles for the professional and extreme environment swimmer,25,15,8
CYC1111111,Cycle4ever Cycling jacket,Super lightweight hi-vis jacket for the extreme cyclist,50,0,20
SWM2222222,4Oceans Goggles,Super Hi-tech goggles for the professional and extreme environment swimmer,25,15,8
RUN677,RUUUUUUUUUUU,ruuuuuuuuuu...,120,120,3
RUN56,bbbb,BBBBBB,12,12,0
CYC6777777,HHHHHHHHH,hhhhhhhhhh...,20,12,3
CYC233,HHHHH,hhhhhhhhhhhhh,78,120,1
CYC1111111,Cycle4ever Cycling jacket,Super lightweight hi-vis jacket for the extreme cyclist,50,0,20
SWM2222222,4Oceans Goggles,Super Hi-tech goggles for the professional and extreme environment swimmer,25,15,3
RUN677,RUUUUUUUUUUU,ruuuuuuuuuu...,120,120,3
RUN56,bbbb,BBBBBB,12,12,0
CYC6777777,HHHHHHHHH,hhhhhhhhhh...,20,12,3
CYC233,HHHHH,hhhhhhhhhhhhh,78,120,14
CYC1111111,Cycle4ever Cycling jacket,Super lightweight hi-vis jacket for the extreme cyclist,50,0,20
SWM2222222,4Oceans Goggles,Super Hi-tech goggles for the professional and extreme environment swimmer,25,15,3
RUN677,RUUUUUUUUUUU,ruuuuuuuuuu...,120,120,3
RUN56,bbbb,BBBBBB,12,12,0
CYC6777777,HHHHHHHHH,hhhhhhhhhh...,20,12,3
CYC233,HHHHH,hhhhhhhhhhhhh,78,120,14
RUN6777,ff,ff,12,12,3
CYC1111111,Cycle4ever Cycling jacket,Super lightweight hi-vis jacket for the extreme cyclist,50,0,20
SWM2222222,4Oceans Goggles,Super Hi-tech goggles for the professional and extreme environment swimmer,25,15,3
RUN677,RUUUUUUUUUUU,ruuuuuuuuuu...,120,120,3
RUN56,bbbb,BBBBBB,12,12,0
CYC6777777,HHHHHHHHH,hhhhhhhhhh...,20,12,3
CYC233,HHHHH,hhhhhhhhhhhhh,78,120,14
RUN6777,ff,ff,12,12,2
